Rank,Name,Platform,Year,Genre,Publisher,NA_Sales,EU_Sales,JP_Sales,Other_Sales,Global_Sales
1,Wii Sports,Wii,2006.0,Sports,Nintendo,41.49,29.02,6.04,8.46,82.74
2,Mario Kart Wii,Wii,2008.0,Racing,Nintendo,15.85,12.88,3.79,3.31,35.82
3,Wii Play,Wii,2006.0,Misc,Nintendo,14.03,9.2,2.93,2.85,28.32
4,Halo 3,X360,2007.0,Shooter,Microsoft Studios,22.09,0.46,0.06,0.08,22.69
5,GTA V,PS3,2013.0,Action,Take-Two Interactive,9.63,5.31,0.04,2.08,17.02
6,Pokemon R/B,GB,1996.0,Role-Playing,Nintendo,11.27,8.89,10.22,1.0,31.37
7,Duck Hunt,NES,1984.0,Shooter,Nintendo,26.93,3.53,0.28,0.47,31.37
8,Tetris,GB,1989.0,Puzzle,Nintendo,26.06,6.48,4.22,1.74,38.42
9,Super Mario Bros.,NES,1985.0,Platform,Nintendo,29.08,3.58,6.81,0.77,40.24
10,Wii Fit,Wii,2007.0,Sports,Nintendo,26.06,2.89,0.29,0.75,29.98
