{
  "metrics": {
    "accuracy": 0.6412556053811659,
    "classification_report": {
      "0": {
        "f1-score": 0.7058823529411765,
        "precision": 0.7111111111111111,
        "recall": 0.7007299270072993,
        "support": 137.0
      },
      "1": {
        "f1-score": 0.5402298850574713,
        "precision": 0.5340909090909091,
        "recall": 0.5465116279069767,
        "support": 86.0
      },
      "accuracy": 0.6412556053811659,
      "macro avg": {
        "f1-score": 0.6230561189993239,
        "precision": 0.6226010101010101,
        "recall": 0.6236207774571381,
        "support": 223.0
      },
      "weighted avg": {
        "f1-score": 0.6419984415600166,
        "precision": 0.6428432305113919,
        "recall": 0.6412556053811659,
        "support": 223.0
      }
    },
    "confusion_matrix": [
      [
        96,
        41
      ],
      [
        39,
        47
      ]
    ]
  },
  "model_name": "RandomForestClassifier"
}